<Ticker>,<DTYYYYMMDD>,<Open>,<High>,<Low>,<Close>,<Volume>
FPT,20240321,115200,116200,114600,116200,3757800
FPT,20240320,112300,115000,111100,114500,3475700
FPT,20240319,113000,113000,111100,112000,3315400
FPT,20240318,115800,115800,111100,113000,5884600
FPT,20240315,116800,116800,114500,116000,3838400
FPT,20240314,118500,118500,115700,117000,3463000
FPT,20240313,112800,117000,112000,117000,5112600
FPT,20240312,110000,113500,110000,111900,2907800
FPT,20240311,110000,113500,110000,110000,3381500
FPT,20240308,111300,112600,109900,110000,3115600
FPT,20240307,109100,113900,108200,111300,4037600
FPT,20240306,110000,110400,108400,109100,3702600
FPT,20240305,111400,111400,109900,110700,3383000
FPT,20240304,111000,111800,110800,111400,3087100
FPT,20240301,109200,111400,109100,110800,4019400
FPT,20240229,108200,109400,107700,109000,2824800
FPT,20240228,108000,108500,106300,108500,3461700
FPT,20240227,108500,109500,107400,107900,2800800
FPT,20240226,103900,108000,103500,108000,4466700
FPT,20240223,105500,106700,103300,103900,4103500
FPT,20240222,105900,106000,104600,104600,1718700
FPT,20240221,104000,106900,103500,105900,3137500
FPT,20240220,105200,105200,104000,104300,1844300
FPT,20240219,105500,107000,105000,105000,2031800
FPT,20240216,104000,105100,103800,105100,2066000
FPT,20240215,105200,105500,103800,104000,2248400
FPT,20240207,104700,105000,103900,104900,2125400
FPT,20240206,103600,105000,102900,104100,1884300
FPT,20240205,102000,104100,101900,103500,2694400
FPT,20240202,100200,102200,100100,102000,2876100
FPT,20240201,95900,99900,95700,99900,7793700
FPT,20240131,95600,96000,95500,95700,1381500
FPT,20240130,95900,95900,95400,95600,949000
FPT,20240129,95900,96100,95300,95900,1060700
FPT,20240126,95500,96200,95300,95900,925400
FPT,20240125,95100,95700,94800,95100,845100
FPT,20240124,95800,95800,94900,95000,1722100
FPT,20240123,96100,96400,95400,95600,1480400
FPT,20240122,96800,96800,95800,96400,1108000
FPT,20240119,96000,96900,95700,96300,1493200
FPT,20240118,95700,96000,95200,95600,1136900
FPT,20240117,95600,96000,95000,95700,1414000
FPT,20240116,94700,95700,94700,95700,810000
FPT,20240115,95000,95900,94900,95400,1312200
FPT,20240112,94800,95600,94100,94700,2597000
FPT,20240111,94700,95400,94700,95000,1370900
FPT,20240110,96700,96900,94500,94700,3302500
FPT,20240109,97300,97300,96600,96600,1211700
FPT,20240108,97400,98300,97100,97300,1443000
FPT,20240105,97300,97500,96500,97400,1138600
FPT,20240104,96300,98400,96200,97200,2973900
FPT,20240103,95600,96500,95400,96300,1436900
FPT,20240102,96900,96900,95700,95900,1714500
FPT,20231229,96600,97000,96100,96100,1866600
FPT,20231228,97000,97000,96300,96600,1196600
FPT,20231227,97400,97800,96900,96900,1355900
FPT,20231226,96500,98600,96400,97200,3359900
FPT,20231225,94900,96200,94800,96000,2017000
FPT,20231222,95000,95100,94400,94600,1275400
FPT,20231221,94600,95100,94000,95100,1756800
FPT,20231220,94300,95000,94100,94700,1349500
FPT,20231219,93900,94600,93600,94600,1250400
FPT,20231218,95900,96200,93700,94000,2266500
FPT,20231215,96200,96300,95000,96200,1474300
FPT,20231214,95800,96400,95200,96200,1712300
FPT,20231213,97400,97400,95200,95200,2148100
FPT,20231212,95400,96800,95300,96800,4084900
FPT,20231211,95500,95700,94600,95000,1564500
FPT,20231208,94300,95100,93500,94200,1745800
FPT,20231207,95100,95300,92800,94300,3761200
FPT,20231206,95000,95400,94100,95000,1220700
FPT,20231205,93800,95800,93700,94800,3590200
FPT,20231204,92600,94000,92600,93600,3462300
FPT,20231201,92200,92900,91300,92400,1190800
FPT,20231130,91400,93700,91300,91900,1982400
FPT,20231129,91600,92000,91100,91700,801500
FPT,20231128,90800,91900,89900,91100,1090700
FPT,20231127,91400,91400,90100,90700,1659500
FPT,20231124,90800,92000,90200,91200,2248500
FPT,20231123,93300,93700,90800,90800,2165700
FPT,20231122,91900,93100,91900,93000,3271700
FPT,20231121,92000,92000,90700,91900,1460700
FPT,20231120,90100,92600,89100,90700,1656500
FPT,20231117,93400,93500,90600,91000,3567900
FPT,20231116,92200,93000,91600,93000,1906300
FPT,20231115,93700,93800,92000,92400,2417600
FPT,20231114,92000,93400,91300,92600,1997800
FPT,20231113,91600,92000,90500,91400,1532100
FPT,20231110,91500,92700,91300,91500,2406500
FPT,20231109,92000,93300,91800,92500,2110200
FPT,20231108,88200,92600,88000,92600,2943200
FPT,20231107,88500,88800,87900,88300,1340200
FPT,20231106,88200,88900,87800,88500,1210100
FPT,20231103,89000,89200,87000,87000,4842300
FPT,20231102,86400,89000,85900,89000,2204000
FPT,20231101,84300,85400,82600,85400,2175200
FPT,20231031,85100,85300,83000,83000,3087200
FPT,20231030,87000,87100,85000,85000,1869500
FPT,20231027,87500,88000,86300,87000,2034800
FPT,20231026,88300,89900,86000,86800,5909500
FPT,20231025,91800,92700,90900,90900,1836500
FPT,20231024,92400,92400,90800,92000,1612400
FPT,20231023,93800,93800,90800,91000,1971700
FPT,20231020,92500,93000,90100,92900,2863200
FPT,20231019,94000,94300,92000,92000,3029400
FPT,20231018,94900,94900,91000,93000,6142800
FPT,20231017,97800,97800,93100,93100,2420100
FPT,20231016,96800,98900,96300,96800,4974600
FPT,20231013,96000,96300,95300,96100,2362100
FPT,20231012,97000,97800,96000,96400,1881200
FPT,20231011,95900,98000,95900,97000,2358200
FPT,20231010,96500,97200,95400,96300,3255500
FPT,20231009,92400,95600,92200,95600,3657000
FPT,20231006,91500,92800,91000,92700,1147700
FPT,20231005,92800,93300,91600,91600,1369100
FPT,20231004,91300,93400,91300,92500,1591700
FPT,20231003,92200,93500,91500,92200,2006900
FPT,20231002,93400,93800,92000,93200,1137500
FPT,20230929,94000,94900,92800,92800,1635300
FPT,20230928,94100,94300,91400,94000,1764400
FPT,20230927,93900,94300,90400,94300,4510400
FPT,20230926,94200,95500,93100,93500,2154100
FPT,20230925,97000,97600,94300,94300,2097100
FPT,20230922,95100,97000,92600,96700,6861000
FPT,20230921,98500,98900,96300,96800,3419000
FPT,20230920,98800,99700,98500,98500,2444800
FPT,20230919,96800,98400,95900,98400,3583600
FPT,20230918,96900,96900,95700,96900,2026900
FPT,20230915,96000,97800,95300,97500,2134800
FPT,20230914,98000,98000,95500,95900,2319700
FPT,20230913,98900,99000,97400,98000,2889300
FPT,20230912,97400,98900,97400,98900,2680700
FPT,20230911,98700,99500,95300,97400,5149800
FPT,20230908,97500,98500,97000,97600,2115600
FPT,20230907,99000,100800,97600,97900,3249600
FPT,20230906,97100,99000,96300,99000,2491000
FPT,20230905,97100,98700,96800,96800,1439600
FPT,20230831,96600,97500,96100,96700,1403700
FPT,20230830,93200,98200,93100,96600,2360700
FPT,20230829,94000,94000,92800,93600,1547400
FPT,20230828,92000,94300,91000,94000,2950700
FPT,20230825,89500,91000,89100,90600,2791400
FPT,20230824,85500,85500,85500,85500,5251600
FPT,20230823,86400,86800,84700,86500,5362503
FPT,20230822,86300,86500,83000,86500,3814024
FPT,20230821,85900,86700,85500,85900,3730218
FPT,20230818,85600,87900,84300,85500,4283705
FPT,20230817,85000,87200,85000,86000,4283009
FPT,20230816,83200,85200,83200,85100,4205408
FPT,20230815,82600,84300,81500,84000,1715612
FPT,20230814,82100,83200,82000,82600,1014109
FPT,20230811,82000,83000,81500,82000,1283362
FPT,20230810,83100,83300,82200,82200,1393330
FPT,20230809,84000,84700,83000,83100,1472034
FPT,20230808,84000,84600,83800,84200,905718
FPT,20230807,83600,84500,83300,84500,752518
FPT,20230804,84000,84500,83300,83300,2507826
FPT,20230803,83800,84200,82900,83700,1007918
FPT,20230802,84500,84800,83500,83500,1716535
FPT,20230801,85600,86300,84500,84500,1437315
FPT,20230731,84700,85800,84400,85600,1512327
FPT,20230728,83500,84400,83100,84400,898421
FPT,20230727,82800,84400,82800,83700,1779013
FPT,20230726,81200,82700,81100,82700,1392252
FPT,20230725,81000,82200,81000,81300,1472214
FPT,20230724,81000,81300,80600,81000,6189824
FPT,20230721,79700,81000,79600,81000,1373625
FPT,20230720,78600,81300,78500,80300,2334307
FPT,20230719,78500,78900,78300,78500,951900
FPT,20230718,79000,79000,78100,78700,1677400
FPT,20230717,79000,79200,78500,79000,1247301
FPT,20230714,76900,78300,76100,78300,2822800
FPT,20230713,75800,75800,75400,75800,1354889
FPT,20230712,75000,75700,74900,75300,1084900
FPT,20230711,75300,75400,75000,75000,2060202
FPT,20230710,75300,75900,74900,75300,1470300
FPT,20230707,74200,75500,74200,75300,1168700
FPT,20230706,74800,75200,74000,74600,1801900
FPT,20230705,75100,76500,74800,74800,2510220
FPT,20230704,74266.86656500936,74782.60869393303,74094.9525220348,74782.60869393303,1328101
FPT,20230703,74352.82358649664,74610.69465095848,73923.03847906024,74266.86656500936,1444151
FPT,20230630,74352.82358649664,74438.78060798392,73923.03847906024,73923.03847906024,1193500
FPT,20230629,74782.60869393303,74868.5657154203,74352.82358649664,74352.82358649664,1277100
FPT,20230628,75126.43677988215,75470.26486583127,74782.60869393303,74782.60869393303,1281800
FPT,20230627,73923.03847906024,75040.47975839487,73923.03847906024,75040.47975839487,1737800
FPT,20230626,73149.42528567472,73751.12443608568,72719.64017823833,73751.12443608568,1739803
FPT,20230623,73579.21039311112,73579.21039311112,72891.5542212129,73149.42528567472,1556800
FPT,20230622,74008.99550054752,74352.82358649664,72805.59719972561,73493.25337162384,1019700
FPT,20230621,73493.25337162384,74266.86656500936,73407.29635013656,73751.12443608568,2665254
FPT,20230620,73063.46826418745,73751.12443608568,72805.59719972561,73493.25337162384,1566300
FPT,20230619,72805.59719972561,73493.25337162384,72633.68315675105,72805.59719972561,733200
FPT,20230616,72289.85507080193,74094.9525220348,71688.15592039097,72633.68315675105,2431500
FPT,20230615,72375.81209228921,72547.72613526377,71860.06996336553,72289.85507080193,818600
FPT,20230614,72461.76911377649,72891.5542212129,72289.85507080193,72375.81209228921,808600
FPT,20230613,72547.72613526377,72977.51124270017,72461.76911377649,72547.72613526377,1039101
FPT,20230612,72633.68315675105,72977.51124270017,71860.06996336553,72977.51124270017,745700
FPT,20230609,72461.76911377649,72805.59719972561,71946.02698485281,72719.64017823833,953600
FPT,20230608,72805.59719972561,72977.51124270017,71774.11294187825,71860.06996336553,1897080
FPT,20230607,73063.46826418745,73407.29635013656,72461.76911377649,73063.46826418745,1281946
FPT,20230606,73321.33932864928,73321.33932864928,72805.59719972561,73321.33932864928,514000
FPT,20230605,72117.94102782737,73235.382307162,72031.98400634009,73063.46826418745,1725300
FPT,20230602,71774.11294187825,72461.76911377649,71430.28485592915,72031.98400634009,735900
FPT,20230601,72203.89804931465,72203.89804931465,71430.28485592915,71774.11294187825,1127300
FPT,20230531,72375.81209228921,72375.81209228921,71430.28485592915,72289.85507080193,839400
FPT,20230530,71344.32783444186,72977.51124270017,71258.37081295458,72203.89804931465,5462000
FPT,20230529,71774.11294187825,71946.02698485281,71258.37081295458,71430.28485592915,879600
FPT,20230526,71430.28485592915,71688.15592039097,70742.6286840309,71430.28485592915,1410400
FPT,20230525,69797.10144767084,71688.15592039097,69625.18740469628,71516.24187741643,1391300
FPT,20230524,70484.75761956906,70570.71464105634,69711.14442618356,69883.05846915812,464300
FPT,20230523,70914.54272700546,70914.54272700546,69969.01549064538,70484.75761956906,1144100
FPT,20230522,71172.4137914673,71172.4137914673,70484.75761956906,70914.54272700546,599000
FPT,20230519,71344.32783444186,71602.19889890369,70312.8435765945,71172.4137914673,2054000
FPT,20230518,70312.8435765945,71344.32783444186,69969.01549064538,71258.37081295458,1549800
FPT,20230517,70398.80059808178,71086.45676998002,69711.14442618356,70054.97251213266,1361200
FPT,20230516,69625.18740469628,70226.88655510722,69453.27336172172,70054.97251213266,1370384
FPT,20230515,69969.01549064538,70312.8435765945,69453.27336172172,69625.18740469628,1399701
FPT,20230512,68163.91803941253,69281.35931874716,67734.13293197613,69195.40229725988,1243100
FPT,20230511,67992.00399643797,68421.78910387435,67906.04697495069,67992.00399643797,501000
FPT,20230510,67906.04697495069,68421.78910387435,67906.04697495069,67906.04697495069,632500
FPT,20230509,67562.21888900157,68593.70314684891,67562.21888900157,67820.08995346341,605900
FPT,20230508,67476.26186751429,67820.08995346341,67390.30484602701,67476.26186751429,812901
FPT,20230505,67562.21888900157,67562.21888900157,67218.39080305245,67390.30484602701,319200
FPT,20230504,66874.56271710333,67648.17591048885,66702.64867412878,67476.26186751429,2423868
FPT,20230428,67734.13293197613,67734.13293197613,66616.6916526415,66616.6916526415,956002
FPT,20230427,67132.43378156517,67734.13293197613,67132.43378156517,67304.34782453973,221000
FPT,20230426,67132.43378156517,67390.30484602701,66702.64867412878,67304.34782453973,1290700
FPT,20230425,67992.00399643797,68163.91803941253,67304.34782453973,67390.30484602701,957240
FPT,20230424,68335.83208238709,69281.35931874716,67906.04697495069,67992.00399643797,794500
FPT,20230421,68765.61718982348,68765.61718982348,68163.91803941253,68163.91803941253,383200
FPT,20230420,68593.70314684891,68593.70314684891,68077.96101792525,68249.87506089981,364400
FPT,20230419,68593.70314684891,68593.70314684891,68163.91803941253,68163.91803941253,419800
FPT,20230418,68421.78910387435,68765.61718982348,68077.96101792525,68249.87506089981,332900
FPT,20230417,68421.78910387435,68507.74612536163,67906.04697495069,68421.78910387435,623120
FPT,20230414,68679.6601683362,68851.57421131076,68163.91803941253,68421.78910387435,562500
FPT,20230413,69023.48825428532,69109.4452757726,68163.91803941253,68421.78910387435,560500
FPT,20230412,69023.48825428532,69195.40229725988,68679.6601683362,69023.48825428532,638204
FPT,20230411,68937.53123279804,69195.40229725988,68851.57421131076,69023.48825428532,534000
FPT,20230410,69625.18740469628,69625.18740469628,68851.57421131076,69023.48825428532,769800
FPT,20230407,68937.53123279804,69367.31634023444,68765.61718982348,69195.40229725988,4318378
FPT,20230406,69367.31634023444,70054.97251213266,69023.48825428532,69023.48825428532,632912
FPT,20230405,69195.40229725988,69281.35931874716,68507.74612536163,69281.35931874716,422000
FPT,20230404,69539.230383209,69625.18740469628,68765.61718982348,69195.40229725988,584600
FPT,20230403,68249.87506089981,69539.230383209,67992.00399643797,69539.230383209,1190200
FPT,20230331,67992.00399643797,68335.83208238709,67906.04697495069,67992.00399643797,1713600
FPT,20230330,67906.04697495069,68163.91803941253,67734.13293197613,67992.00399643797,968200
FPT,20230329,68077.96101792525,68163.91803941253,67562.21888900157,67906.04697495069,850300
FPT,20230328,68077.96101792525,68077.96101792525,66616.6916526415,68077.96101792525,1611200
FPT,20230327,67820.08995346341,68077.96101792525,67476.26186751429,67992.00399643797,1058280
FPT,20230324,67304.34782453973,67734.13293197613,67046.47676007789,67562.21888900157,390700
FPT,20230323,67390.30484602701,67476.26186751429,66702.64867412878,67046.47676007789,456600
FPT,20230322,67218.39080305245,67562.21888900157,66702.64867412878,67476.26186751429,962540
FPT,20230321,67562.21888900157,67648.17591048885,66272.86356669238,67132.43378156517,959474
FPT,20230320,67992.00399643797,68163.91803941253,66702.64867412878,66702.64867412878,1416944
FPT,20230317,68421.78910387435,68765.61718982348,67562.21888900157,67906.04697495069,429400
FPT,20230316,68765.61718982348,68765.61718982348,67390.30484602701,68077.96101792525,1202200
FPT,20230315,67992.00399643797,69195.40229725988,67992.00399643797,69195.40229725988,1280200
FPT,20230314,67906.04697495069,67992.00399643797,67476.26186751429,67648.17591048885,697400
FPT,20230313,67132.43378156517,68249.87506089981,67132.43378156517,67820.08995346341,886500
FPT,20230310,68937.53123279804,69109.4452757726,67906.04697495069,68335.83208238709,640900
FPT,20230309,68335.83208238709,69367.31634023444,68077.96101792525,69281.35931874716,1273200
FPT,20230308,67476.26186751429,68335.83208238709,67476.26186751429,68335.83208238709,1075100
FPT,20230307,67992.00399643797,68679.6601683362,67734.13293197613,67734.13293197613,900900
FPT,20230306,67132.43378156517,68593.70314684891,67132.43378156517,67218.39080305245,845200
FPT,20230303,68163.91803941253,68765.61718982348,67476.26186751429,67476.26186751429,740800
FPT,20230302,68765.61718982348,69195.40229725988,68593.70314684891,68765.61718982348,1697083
FPT,20230301,68335.83208238709,69195.40229725988,67648.17591048885,69195.40229725988,1487800
FPT,20230228,68765.61718982348,69367.31634023444,68335.83208238709,69195.40229725988,962900
FPT,20230227,68765.61718982348,69195.40229725988,68679.6601683362,69023.48825428532,1085400
FPT,20230224,69711.14442618356,69883.05846915812,69109.4452757726,69453.27336172172,870900
FPT,20230223,70226.88655510722,70226.88655510722,69281.35931874716,69969.01549064538,10509860
FPT,20230222,70742.6286840309,70914.54272700546,70312.8435765945,70312.8435765945,1047200
FPT,20230221,71172.4137914673,71946.02698485281,71000.49974849274,71172.4137914673,840000
FPT,20230220,70140.92953361994,71344.32783444186,69969.01549064538,71172.4137914673,1729900
FPT,20230217,69797.10144767084,70140.92953361994,69625.18740469628,70140.92953361994,547600
FPT,20230216,70140.92953361994,70484.75761956906,69367.31634023444,70140.92953361994,424200
FPT,20230215,69195.40229725988,70398.80059808178,69023.48825428532,70140.92953361994,5050600
FPT,20230214,69367.31634023444,69625.18740469628,68937.53123279804,69453.27336172172,785777
FPT,20230213,69367.31634023444,69797.10144767084,68765.61718982348,69367.31634023444,2110700
FPT,20230210,69711.14442618356,69797.10144767084,69195.40229725988,69367.31634023444,2671824
FPT,20230209,69625.18740469628,70140.92953361994,69367.31634023444,69367.31634023444,3490500
FPT,20230208,69453.27336172172,70226.88655510722,69281.35931874716,69797.10144767084,891600
FPT,20230207,69195.40229725988,70398.80059808178,69195.40229725988,69367.31634023444,814700
FPT,20230206,68765.61718982348,70140.92953361994,68507.74612536163,69195.40229725988,1015724
FPT,20230203,70484.75761956906,70484.75761956906,68851.57421131076,68851.57421131076,1980900
FPT,20230202,70570.71464105634,70828.58570551818,69883.05846915812,70398.80059808178,2256000
FPT,20230201,72203.89804931465,72203.89804931465,70312.8435765945,70484.75761956906,1068300
FPT,20230131,71774.11294187825,71946.02698485281,70226.88655510722,71774.11294187825,1724400
FPT,20230130,72375.81209228921,72547.72613526377,71946.02698485281,71946.02698485281,914900
FPT,20230127,72289.85507080193,73493.25337162384,72203.89804931465,72203.89804931465,1181700
FPT,20230119,71344.32783444186,72375.81209228921,71258.37081295458,72117.94102782737,1521136
FPT,20230118,70570.71464105634,71688.15592039097,70312.8435765945,71688.15592039097,1106900
FPT,20230117,69797.10144767084,70484.75761956906,69625.18740469628,70484.75761956906,1082800
FPT,20230116,68851.57421131076,69625.18740469628,68507.74612536163,69453.27336172172,574500
FPT,20230113,69195.40229725988,69797.10144767084,68765.61718982348,68765.61718982348,999000
FPT,20230112,69625.18740469628,70054.97251213266,68937.53123279804,69367.31634023444,572500
FPT,20230111,69109.4452757726,70140.92953361994,69109.4452757726,69539.230383209,1076900
FPT,20230110,69367.31634023444,69883.05846915812,68937.53123279804,69109.4452757726,4045000
FPT,20230109,69195.40229725988,69539.230383209,68679.6601683362,69023.48825428532,518900
FPT,20230106,69109.4452757726,69711.14442618356,68937.53123279804,69023.48825428532,719400
FPT,20230105,68937.53123279804,70054.97251213266,68937.53123279804,69281.35931874716,1012600
FPT,20230104,69453.27336172172,69625.18740469628,68163.91803941253,68765.61718982348,794300
FPT,20230103,66100.94952371782,68765.61718982348,66014.99250223054,68765.61718982348,1535200
FPT,20221230,65499.250373306866,66100.94952371782,65327.336330332306,66100.94952371782,1128600
FPT,20221229,65757.1214377687,66186.9065452051,65499.250373306866,65499.250373306866,891516
FPT,20221228,66186.9065452051,66186.9065452051,65327.336330332306,65929.03548074326,589200
FPT,20221227,65671.16441628142,66616.6916526415,65327.336330332306,65757.1214377687,1588616
FPT,20221226,66788.60569561606,67132.43378156517,65671.16441628142,65671.16441628142,832500
FPT,20221223,65671.16441628142,67046.47676007789,65499.250373306866,67046.47676007789,1823000
FPT,20221222,66358.82058817966,66616.6916526415,65327.336330332306,66358.82058817966,1037800
FPT,20221221,66358.82058817966,66530.73463115422,65069.465265870465,66358.82058817966,852236
FPT,20221220,66358.82058817966,66358.82058817966,64811.59420140863,65843.07845925598,841200
FPT,20221219,67304.34782453973,67304.34782453973,65843.07845925598,65843.07845925598,1026200
FPT,20221216,66186.9065452051,67046.47676007789,65671.16441628142,66960.5197385906,1126900
FPT,20221215,65671.16441628142,67132.43378156517,65671.16441628142,66788.60569561606,1197500
FPT,20221214,66358.82058817966,66616.6916526415,65413.293351819586,65585.20739479414,1766100
FPT,20221213,65499.250373306866,66444.77760966694,64639.68015843407,66358.82058817966,899700
FPT,20221212,66702.64867412878,67218.39080305245,65671.16441628142,66186.9065452051,2540500
FPT,20221209,65585.20739479414,67046.47676007789,65499.250373306866,67046.47676007789,987500
FPT,20221208,66100.94952371782,67734.13293197613,64983.508244383185,66186.9065452051,1298700
FPT,20221207,65241.379308845026,65843.07845925598,64295.85207248495,65757.1214377687,1098800
FPT,20221206,67304.34782453973,67820.08995346341,65327.336330332306,65327.336330332306,1537700
FPT,20221205,67046.47676007789,67906.04697495069,66530.73463115422,67304.34782453973,1216400
FPT,20221202,64209.89505099767,66788.60569561606,63608.19590058672,66530.73463115422,2901400
FPT,20221201,64553.72313694679,65155.422287357746,63694.152922074,64209.89505099767,1776500
FPT,20221130,64037.98100802312,64381.80909397223,63178.410793150324,64123.93802951039,1048500
FPT,20221129,64381.80909397223,64381.80909397223,62748.62568571392,63866.06696504856,1143800
FPT,20221128,62232.88355679025,64037.98100802312,62146.92653530297,63866.06696504856,1283800
FPT,20221125,60685.65717001922,61889.05547084113,60599.70014853194,61889.05547084113,1467400
FPT,20221124,59998.00099812099,61029.485255968335,59654.17291217187,60599.70014853194,916400
FPT,20221123,60169.91504109554,61029.485255968335,59912.04397663371,60599.70014853194,465900
FPT,20221122,60169.91504109554,61889.05547084113,59396.30184771003,60599.70014853194,1196300
FPT,20221121,59740.12993365915,61717.14142786657,59740.12993365915,60255.87206258282,840500
FPT,20221118,60255.87206258282,61889.05547084113,59482.25886919731,61459.270363404736,1261700
FPT,20221117,59568.21589068459,61889.05547084113,55442.27885929518,61029.485255968335,2082500
FPT,20221116,52691.65417170224,60169.91504109554,52691.65417170224,59568.21589068459,3318000
FPT,20221115,60169.91504109554,60169.91504109554,56645.67716011709,56645.67716011709,9108949
FPT,20221114,61889.05547084113,62232.88355679025,60169.91504109554,60857.57121299378,1639000
FPT,20221111,62834.5827072012,63264.367814637604,61889.05547084113,62576.71164273936,1446800
FPT,20221110,63178.410793150324,63350.32483612488,59396.30184771003,62748.62568571392,2988600
FPT,20221109,63006.496750175764,63866.06696504856,63006.496750175764,63608.19590058672,897700
FPT,20221108,61459.270363404736,63522.23887909944,61373.313341917456,63006.496750175764,1665000
FPT,20221107,62404.79759976481,63608.19590058672,62404.79759976481,62404.79759976481,2036000
FPT,20221104,63608.19590058672,63608.19590058672,61459.270363404736,62662.66866422664,2722300
FPT,20221103,64037.98100802312,65069.465265870465,63350.32483612488,63694.152922074,672400
FPT,20221102,64639.68015843407,65327.336330332306,63608.19590058672,63608.19590058672,978200
FPT,20221101,65585.20739479414,66014.99250223054,64467.76611545951,64897.551222895905,611500
FPT,20221031,64467.76611545951,65327.336330332306,63350.32483612488,64983.508244383185,1084700
FPT,20221028,65585.20739479414,65585.20739479414,64209.89505099767,64467.76611545951,925800
FPT,20221027,63694.152922074,65499.250373306866,63350.32483612488,65155.422287357746,965900
FPT,20221026,64037.98100802312,64037.98100802312,62490.75462125209,63436.28185761216,675100
FPT,20221025,61373.313341917456,64037.98100802312,61115.442277455615,62920.53972868848,1564600
FPT,20221024,63522.23887909944,64037.98100802312,61029.485255968335,61115.442277455615,3214200
FPT,20221021,66788.60569561606,66788.60569561606,63522.23887909944,63522.23887909944,2505400
FPT,20221020,65155.422287357746,67476.26186751429,64725.63717992135,66874.56271710333,1817900
FPT,20221019,64381.80909397223,65499.250373306866,64209.89505099767,64897.551222895905,1766700
FPT,20221018,63608.19590058672,64725.63717992135,63608.19590058672,64381.80909397223,900300
FPT,20221017,63178.410793150324,63522.23887909944,62404.79759976481,63436.28185761216,730920
FPT,20221014,63952.02398653584,64037.98100802312,63264.367814637604,63608.19590058672,844200
FPT,20221013,62060.96951381569,62748.62568571392,61459.270363404736,62748.62568571392,959200
FPT,20221012,61029.485255968335,63006.496750175764,61029.485255968335,62232.88355679025,1463100
FPT,20221011,63608.19590058672,63608.19590058672,61029.485255968335,61029.485255968335,2109700
FPT,20221010,63178.410793150324,64897.551222895905,61975.01249232841,63608.19590058672,1795400
FPT,20221007,65499.250373306866,65499.250373306866,63608.19590058672,63608.19590058672,2134000
FPT,20221006,67820.08995346341,67820.08995346341,65757.1214377687,65757.1214377687,1266700
FPT,20221005,67906.04697495069,68335.83208238709,67390.30484602701,67390.30484602701,1066835
FPT,20221004,67046.47676007789,67906.04697495069,66358.82058817966,66616.6916526415,2066000
FPT,20221003,68421.78910387435,69023.48825428532,65671.16441628142,66186.9065452051,2267300
FPT,20220930,66186.9065452051,69453.27336172172,66100.94952371782,69195.40229725988,3021900
FPT,20220929,68593.70314684891,68851.57421131076,66186.9065452051,66186.9065452051,1303900
FPT,20220928,68851.57421131076,69109.4452757726,67046.47676007789,67046.47676007789,2048400
FPT,20220927,70484.75761956906,70484.75761956906,69195.40229725988,69195.40229725988,1102900
FPT,20220926,70054.97251213266,70484.75761956906,69023.48825428532,70054.97251213266,2124340
FPT,20220923,71430.28485592915,71430.28485592915,70570.71464105634,70828.58570551818,1189800
FPT,20220922,70484.75761956906,71344.32783444186,70398.80059808178,71258.37081295458,1192400
FPT,20220921,71602.19889890369,71602.19889890369,70742.6286840309,70742.6286840309,775400
FPT,20220920,71430.28485592915,72031.98400634009,70742.6286840309,71688.15592039097,1976300
FPT,20220919,70914.54272700546,71860.06996336553,70398.80059808178,71430.28485592915,2033700
FPT,20220916,71946.02698485281,72117.94102782737,70914.54272700546,70914.54272700546,1360100
FPT,20220915,72633.68315675105,72633.68315675105,71946.02698485281,71946.02698485281,959600
FPT,20220914,71774.11294187825,72633.68315675105,71774.11294187825,72203.89804931465,1474901
FPT,20220913,73063.46826418745,73321.33932864928,72461.76911377649,72719.64017823833,1277702
FPT,20220912,73149.42528567472,73235.382307162,72461.76911377649,72719.64017823833,767000
FPT,20220909,72719.64017823833,73063.46826418745,72461.76911377649,72461.76911377649,1145400
FPT,20220908,72289.85507080193,73063.46826418745,72031.98400634009,72461.76911377649,1299800
FPT,20220907,73493.25337162384,73837.08145757296,72203.89804931465,72203.89804931465,2318200
FPT,20220906,73923.03847906024,74266.86656500936,73751.12443608568,73751.12443608568,1593900
FPT,20220905,74352.82358649664,74524.7376294712,73837.08145757296,74094.9525220348,1110900
FPT,20220831,73751.12443608568,74782.60869393303,73751.12443608568,74438.78060798392,1350100
FPT,20220830,74352.82358649664,74782.60869393303,73923.03847906024,74266.86656500936,1303200
FPT,20220829,74782.60869393303,74782.60869393303,72805.59719972561,74352.82358649664,2541100
FPT,20220826,74266.86656500936,75470.26486583127,74180.90954352208,74954.52273690759,1956600
FPT,20220825,74094.9525220348,74524.7376294712,73923.03847906024,74180.90954352208,1164800
FPT,20220824,74352.82358649664,74610.69465095848,74008.99550054752,74094.9525220348,1067000
FPT,20220823,73158.31738966402,73923.03847736085,73158.31738966402,73923.03847736085,1113300
FPT,20220822,73583.16243838449,74177.94550659314,72988.37937017584,73753.10045787267,1662100
FPT,20220819,74772.72857480179,75197.57362352226,73243.28639940811,73838.06946761676,2101600
FPT,20220818,74687.7595650577,76217.20174045136,74687.7595650577,75027.63560403406,3352900
FPT,20220817,75622.41867224271,75707.3876819868,74772.72857480179,75027.63560403406,1506200
FPT,20220816,75537.44966249862,75962.29471121909,74857.69758454588,75367.51164301044,1415800
FPT,20220815,73583.16243838449,75707.3876819868,73583.16243838449,75537.44966249862,3330000
FPT,20220812,72818.44135068764,73498.19342864038,72818.44135068764,73498.19342864038,1298500
FPT,20220811,73243.28639940811,73753.10045787267,72818.44135068764,73073.34837991993,2535800
FPT,20220810,73328.2554091522,73668.13144812858,73073.34837991993,73073.34837991993,1189100
FPT,20220809,73073.34837991993,74347.88352608132,72818.44135068764,73243.28639940811,2772500
FPT,20220808,72988.37937017584,73413.2244188963,72478.56531171128,73073.34837991993,1670200
FPT,20220805,73158.31738966402,74092.97649684905,72733.47234094355,72903.41036043174,2275100
FPT,20220804,72308.62729222309,73583.16243838449,72138.6892727349,73158.31738966402,3299500
FPT,20220803,72223.658282479,72393.59630196719,71543.90620452625,72053.72026299081,2443800
FPT,20220802,71373.96818503807,72308.62729222309,70949.1231363176,72223.658282479,1879700
FPT,20220801,71373.96818503807,71543.90620452625,70609.24709734123,71373.96818503807,2404100
FPT,20220729,72308.62729222309,72393.59630196719,70949.1231363176,70949.1231363176,2143800
FPT,20220728,72393.59630196719,72903.41036043174,70609.24709734123,72138.6892727349,2335900
FPT,20220727,71883.78224350263,72393.59630196719,71713.84422401444,72393.59630196719,1271232
FPT,20220726,73073.34837991993,73073.34837991993,72053.72026299081,72053.72026299081,1440400
FPT,20220725,73923.03847736085,73923.03847736085,72308.62729222309,72563.53432145537,2245900
FPT,20220722,73413.2244188963,73498.19342864038,72308.62729222309,72308.62729222309,2190600
FPT,20220721,72988.37937017584,72988.37937017584,71798.81323375853,72223.658282479,2512600
FPT,20220720,72223.658282479,72988.37937017584,71373.96818503807,72138.6892727349,4169280
FPT,20220719,70439.30907785305,70524.27808759714,69844.5260096444,70524.27808759714,2342800
FPT,20220718,70354.34006810896,71798.81323375853,69929.49501938849,70524.27808759714,1364900
FPT,20220715,71373.96818503807,71373.96818503807,69844.5260096444,69844.5260096444,1802200
FPT,20220714,70354.34006810896,70949.1231363176,69844.5260096444,70354.34006810896,2203500
FPT,20220713,71373.96818503807,71373.96818503807,70099.43303887667,70099.43303887667,1764700
FPT,20220712,70354.34006810896,70949.1231363176,70269.37105836486,70949.1231363176,918300
FPT,20220711,71883.78224350263,71883.78224350263,70354.34006810896,70354.34006810896,1398800
FPT,20220708,71288.99917529398,71373.96818503807,70609.24709734123,71034.0921460617,1937500
FPT,20220707,71288.99917529398,71883.78224350263,70609.24709734123,70609.24709734123,2486500
FPT,20220706,71458.93719478216,72988.37937017584,70949.1231363176,70949.1231363176,3756400
FPT,20220705,74602.7905553136,74602.7905553136,72563.53432145537,72563.53432145537,2122800
FPT,20220704,75197.57362352226,75197.57362352226,73073.34837991993,73668.13144812858,1005500
FPT,20220701,73923.03847736085,75452.48065275453,72053.72026299081,74772.72857480179,2766500
FPT,20220630,76047.26372096318,76387.13975993956,73243.28639940811,73243.28639940811,2026200
FPT,20220629,75537.44966249862,76472.10876968365,74942.66659428997,76472.10876968365,2808800
FPT,20220628,76047.26372096318,76642.04678917183,74092.97649684905,76217.20174045136,3878200
FPT,20220627,73413.2244188963,74687.7595650577,72988.37937017584,73498.19342864038,2519100
FPT,20220624,73158.31738966402,74602.7905553136,72648.50333119946,72648.50333119946,931400
FPT,20220623,71373.96818503807,73753.10045787267,71119.06115580579,72648.50333119946,3422125
FPT,20220622,76302.17075019547,76811.98480866001,71713.84422401444,71798.81323375853,3426300
FPT,20220621,78511.36500354187,79446.0241107269,75622.41867224271,75707.3876819868,3188800
FPT,20220620,79446.0241107269,80295.71420816783,77576.70589635686,78171.4889645655,2667500
FPT,20220617,76727.01579891592,78681.30302303006,75622.41867224271,78171.4889645655,4164800
FPT,20220616,77321.79886712457,79700.93113995918,76642.04678917183,78171.4889645655,3387500
FPT,20220615,76981.9228281482,76981.9228281482,74772.72857480179,76896.95381840412,2866700
FPT,20220614,73073.34837991993,76387.13975993956,72648.50333119946,75707.3876819868,2895400
FPT,20220613,74772.72857480179,77151.86084763639,73073.34837991993,73243.28639940811,3835600
FPT,20220610,79565.75317200938,80477.88261754389,77180.18385291916,77180.18385291916,4131600
FPT,20220609,81039.19304556512,81319.84825957574,79495.58936850673,80898.8654385598,2415400
FPT,20220608,81600.50347358634,82512.63291912085,80337.55501053858,80688.37402805185,3038600
FPT,20220607,79074.60654749081,81109.35684906777,76197.89060388201,81109.35684906777,6026500
FPT,20220606,79986.73599302532,81390.0120630784,78583.45992297224,79285.09795799878,3317400
FPT,20220603,78232.64090545896,79986.73599302532,77811.65808444304,79986.73599302532,2620100
FPT,20220602,79144.77035099347,80548.04642104654,77951.98569144835,78232.64090545896,2763900
FPT,20220601,77110.0200494165,79214.93415449612,77039.85624591385,78443.13231596693,3350800
FPT,20220531,78092.31329845366,78092.31329845366,75426.08876535282,77110.0200494165,2855300
FPT,20220530,77951.98569144835,78864.11513698284,76618.87342489793,78092.31329845366,10997000
FPT,20220527,74092.9764988024,78583.45992297224,74022.81269529974,78443.13231596693,4495100
FPT,20220526,73812.32128479177,75145.4335513422,73391.33846377586,74092.9764988024,1766400
FPT,20220525,69812.9844851405,73671.99367778646,69251.67405711928,73671.99367778646,3770800
FPT,20220524,67708.0703800609,68900.85503960602,67357.25136254763,68900.85503960602,1404700
FPT,20220523,68900.85503960602,68900.85503960602,67427.41516605028,67708.0703800609,1343359
FPT,20220520,68550.03602209274,69392.00166412459,68058.88939757417,68409.70841508744,1440400
FPT,20220519,66725.77713102374,68550.03602209274,66725.77713102374,68058.88939757417,2556700
FPT,20220518,69953.31209214582,70233.96730615644,68409.70841508744,68550.03602209274,2014400
FPT,20220517,65252.33725746802,69953.31209214582,64901.51823995475,69953.31209214582,2045800
FPT,20220516,68409.70841508744,68409.70841508744,65392.66486447332,65392.66486447332,1740900
FPT,20220513,67427.41516605028,69462.16546762724,65322.50106097067,65673.32007848394,4186100
FPT,20220512,69672.65687813521,71496.9157692042,66655.61332752109,67076.59614853702,4275700
FPT,20220511,68760.5274326007,71496.9157692042,67918.56179056886,71496.9157692042,2307500
FPT,20220510,65953.97529249455,69321.83786062193,64550.69922244148,69041.18264661133,3735300
FPT,20220509,68971.01884310867,69462.16546762724,65953.97529249455,65953.97529249455,5070700
FPT,20220506,71777.57098321481,72970.35564275993,70304.1311096591,70304.1311096591,3234500
FPT,20220505,73391.33846377586,74022.81269529974,71496.9157692042,73461.50226727851,2453900
FPT,20220504,73601.82987428382,74303.46790931035,73040.51944626258,73321.1746602732,2098400
FPT,20220429,73671.99367778646,75145.4335513422,73110.68324976524,73671.99367778646,4011500
FPT,20220428,72198.55380423075,74934.94214083423,71917.89859022012,74022.81269529974,3147500
FPT,20220427,71917.89859022012,72970.35564275993,70514.62252016705,72268.7176077334,3161700
FPT,20220426,70304.1311096591,73671.99367778646,68058.88939757417,73180.84705326789,5537400
FPT,20220425,77250.34765642181,77811.65808444304,72549.37282174401,72549.37282174401,6019525
FPT,20220422,78934.2789404855,79916.57218952266,74373.631712813,77951.98569144835,11878200
FPT,20220421,78022.14949495101,81319.84825957574,78022.14949495101,78583.45992297224,4068500
FPT,20220420,78583.45992297224,79285.09795799878,76899.52863890854,78583.45992297224,3350000
FPT,20220419,81740.83108059166,82091.65009810492,78583.45992297224,78583.45992297224,8196978
FPT,20220418,80688.37402805185,83214.27095414739,79986.73599302532,81039.19304556512,3847800
FPT,20220415,80758.5378315545,82723.1243296288,79986.73599302532,80688.37402805185,4074500
FPT,20220414,80828.70163505715,83424.76236465534,80828.70163505715,81810.99488409431,5399800
FPT,20220413,77180.18385291916,80758.5378315545,77039.85624591385,80758.5378315545,3513600
FPT,20220412,76478.54581789262,78232.64090545896,74794.61453382894,77039.85624591385,3678500
FPT,20220408,79495.58936850673,79916.57218952266,76127.72680037936,76127.72680037936,6599500
FPT,20220407,79776.24458251735,82021.48629460228,78653.62372647489,79495.58936850673,5422000
FPT,20220406,76057.5629968767,79986.73599302532,76057.5629968767,79285.09795799878,4179000
FPT,20220405,76548.70962139528,78302.80470896162,76478.54581789262,76478.54581789262,3073800
FPT,20220404,79635.91697551204,79635.91697551204,76689.03722840059,76689.03722840059,3270200
FPT,20220401,75005.10594433689,77881.8218879457,74443.79551631566,77881.8218879457,4624000
FPT,20220331,74022.81269529974,77601.16667393508,73391.33846377586,75075.26974783954,3852800
FPT,20220330,74233.3041058077,75285.76115834751,73321.1746602732,74373.631712813,3132000
FPT,20220329,69181.51025361662,73601.82987428382,69181.51025361662,73601.82987428382,8468000
FPT,20220328,67006.43234503437,69251.67405711928,66795.9409345264,68830.69123610336,4321325
FPT,20220325,67427.41516605028,67708.0703800609,67076.59614853702,67146.75995203966,1391500
FPT,20220324,67357.25136254763,68199.21700457948,66866.10473802905,67357.25136254763,1863100
FPT,20220323,67708.0703800609,68409.70841508744,67357.25136254763,67708.0703800609,2035800
FPT,20220322,67357.25136254763,68058.88939757417,66936.26854153171,67637.90657655825,2079200
FPT,20220321,66795.9409345264,67357.25136254763,66655.61332752109,66866.10473802905,2005200
FPT,20220318,65252.33725746802,67778.23418356356,65252.33725746802,66725.77713102374,2815100
FPT,20220317,64410.37161543617,65041.84584696005,64199.88020492821,64550.69922244148,2752300
FPT,20220316,63919.224990917595,64761.19063294944,63498.24216990167,64270.044008430865,3165900
FPT,20220315,64410.37161543617,64410.37161543617,63007.0955453831,63849.06118741494,3851300
FPT,20220314,65252.33725746802,65252.33725746802,63498.24216990167,64410.37161543617,2346200
FPT,20220311,66304.79431000783,66374.95811351048,65041.84584696005,65392.66486447332,1538600
FPT,20220310,67567.7427730556,67567.7427730556,66374.95811351048,66374.95811351048,1569500
FPT,20220309,66374.95811351048,67708.0703800609,66374.95811351048,67006.43234503437,3633500
FPT,20220308,65813.64768548925,66936.26854153171,64971.682043457404,66515.28572051578,2927500
FPT,20220307,65322.50106097067,65883.8114889919,64691.02682944679,65813.64768548925,1920300
FPT,20220304,65462.82866797598,65813.64768548925,65252.33725746802,65603.15627498129,1343800
FPT,20220303,65392.66486447332,65953.97529249455,65392.66486447332,65532.99247147863,1432470
FPT,20220302,65252.33725746802,65532.99247147863,65041.84584696005,65322.50106097067,1348400
FPT,20220301,65953.97529249455,65953.97529249455,64901.51823995475,65532.99247147863,1101900
FPT,20220228,64761.19063294944,65603.15627498129,64761.19063294944,65462.82866797598,1561400
FPT,20220225,64831.35443645209,65532.99247147863,64620.863025944134,64761.19063294944,1059900
FPT,20220224,65252.33725746802,65603.15627498129,63147.4231523884,64550.69922244148,1349600
FPT,20220223,64971.682043457404,65883.8114889919,64971.682043457404,65252.33725746802,973800
FPT,20220222,65252.33725746802,65462.82866797598,64550.69922244148,65182.17345396536,1344700
FPT,20220221,64691.02682944679,65953.97529249455,64550.69922244148,65603.15627498129,1386000
FPT,20220218,64761.19063294944,64901.51823995475,64340.20781193352,64691.02682944679,618800
FPT,20220217,64480.53541893882,65112.00965046271,63849.06118741494,65112.00965046271,911400
FPT,20220216,64340.20781193352,64901.51823995475,64059.5525979229,64059.5525979229,815200
FPT,20220215,63849.06118741494,64340.20781193352,63498.24216990167,63919.224990917595,655400
FPT,20220214,63849.06118741494,64270.044008430865,63428.078366399015,63849.06118741494,774100
FPT,20220211,64410.37161543617,64831.35443645209,64129.716401425554,64270.044008430865,1104200
FPT,20220210,64129.716401425554,64550.69922244148,63287.75075939371,64550.69922244148,1119900
FPT,20220209,64340.20781193352,64340.20781193352,63568.405973404326,63638.56977690698,1342700
FPT,20220208,62796.60413487513,64410.37161543617,62796.60413487513,63568.405973404326,845100
FPT,20220207,63147.4231523884,63217.586955891056,62445.78511736186,62796.60413487513,969200
FPT,20220128,60340.87101228225,62796.60413487513,60270.7072087796,62796.60413487513,1985200
FPT,20220127,60340.87101228225,60832.017636800825,59919.88819126633,60270.7072087796,774500
FPT,20220126,61042.50904730879,61042.50904730879,59990.05199476898,60340.87101228225,1093600
FPT,20220125,59779.560584261024,61393.32806482206,58937.594942229174,60691.69002979552,2842600
FPT,20220124,61884.47468934063,62094.9660998486,59639.23297725571,59849.72438776367,3831200
FPT,20220121,62445.78511736186,63007.0955453831,61884.47468934063,61884.47468934063,927500
FPT,20220120,62024.802296345944,63849.06118741494,61954.63849284329,62305.45751035656,1355600
FPT,20220119,61814.31088583798,62586.11272436717,61744.14708233533,61954.63849284329,794900
FPT,20220118,61954.63849284329,62866.76793837779,61744.14708233533,61814.31088583798,1301900
FPT,20220117,63498.24216990167,64059.5525979229,62445.78511736186,62445.78511736186,1972700
FPT,20220114,64340.20781193352,64620.863025944134,63778.897383912285,64059.5525979229,909300
FPT,20220113,63778.897383912285,65041.84584696005,63007.0955453831,64620.863025944134,1947800
FPT,20220112,62515.94892086452,63568.405973404326,62094.9660998486,62866.76793837779,2240700
FPT,20220111,64550.69922244148,64691.02682944679,62515.94892086452,62796.60413487513,2746600
FPT,20220110,65392.66486447332,65603.15627498129,64480.53541893882,64550.69922244148,2733400
FPT,20220107,65322.50106097067,65743.4838819866,65322.50106097067,65532.99247147863,1357800
FPT,20220106,65673.32007848394,65953.97529249455,65603.15627498129,65603.15627498129,2304700
FPT,20220105,65743.4838819866,66094.30289949986,65603.15627498129,65673.32007848394,1789800
FPT,20220104,65532.99247147863,66094.30289949986,65462.82866797598,65603.15627498129,2149300
FPT,20211231,65813.64768548925,66234.63050650517,65252.33725746802,65252.33725746802,1739700
FPT,20211230,65743.4838819866,66164.46670300252,65603.15627498129,65673.32007848394,1226800
FPT,20211229,66515.28572051578,66515.28572051578,65673.32007848394,65673.32007848394,912200
FPT,20211228,66304.79431000783,66585.44952401843,66024.1390959972,66304.79431000783,1199600
FPT,20211227,66094.30289949986,66655.61332752109,65462.82866797598,66304.79431000783,1063700
FPT,20211224,65603.15627498129,66304.79431000783,65112.00965046271,65813.64768548925,1224100
FPT,20211223,66655.61332752109,66655.61332752109,65252.33725746802,65392.66486447332,3647858
FPT,20211222,66655.61332752109,66936.26854153171,66374.95811351048,66655.61332752109,2206500
FPT,20211221,67146.75995203966,67287.08755904497,66725.77713102374,66795.9409345264,1711718
FPT,20211220,67708.0703800609,67708.0703800609,67006.43234503437,67216.92375554232,1832100
FPT,20211217,67076.59614853702,68058.88939757417,67006.43234503437,67637.90657655825,1388100
FPT,20211216,68409.70841508744,68409.70841508744,67006.43234503437,67006.43234503437,1763600
FPT,20211215,67146.75995203966,67567.7427730556,67076.59614853702,67287.08755904497,2927500
FPT,20211214,67357.25136254763,67637.90657655825,66936.26854153171,67146.75995203966,2175500
FPT,20211213,67708.0703800609,67708.0703800609,67076.59614853702,67357.25136254763,1073804
FPT,20211210,67637.90657655825,68058.88939757417,66936.26854153171,67216.92375554232,1624900
FPT,20211209,66725.77713102374,68058.88939757417,66725.77713102374,68058.88939757417,1169100
FPT,20211208,67708.0703800609,67708.0703800609,66655.61332752109,67076.59614853702,1150300
FPT,20211207,66655.61332752109,67357.25136254763,66304.79431000783,67357.25136254763,1451000
FPT,20211206,67006.43234503437,67708.0703800609,66094.30289949986,66304.79431000783,3217900
FPT,20211203,68620.1998255954,68620.1998255954,67006.43234503437,67006.43234503437,2009700
FPT,20211202,68479.87221859008,68971.01884310867,68199.21700457948,68199.21700457948,1162895
FPT,20211201,68409.70841508744,69181.51025361662,67848.3979870662,68900.85503960602,1254900
FPT,20211130,68830.69123610336,69111.34645011397,68058.88939757417,68129.05320107682,2583100
FPT,20211129,68409.70841508744,69392.00166412459,68409.70841508744,68830.69123610336,2867500
FPT,20211126,70233.96730615644,70725.11393067501,69321.83786062193,69392.00166412459,1996200
FPT,20211125,69111.34645011397,71426.75196570155,68971.01884310867,70163.80350265378,6169200
FPT,20211124,67848.3979870662,69041.18264661133,67637.90657655825,68690.36362909805,2906717
FPT,20211123,66655.61332752109,67778.23418356356,66585.44952401843,67778.23418356356,2613175
FPT,20211122,67006.43234503437,67357.25136254763,66655.61332752109,66655.61332752109,1863500
FPT,20211119,68409.70841508744,68620.1998255954,66725.77713102374,66866.10473802905,3224800
FPT,20211118,68971.01884310867,69251.67405711928,67708.0703800609,67708.0703800609,2842000
FPT,20211117,68971.01884310867,69041.18264661133,68760.5274326007,68971.01884310867,2196600
FPT,20211116,68269.38080808213,69812.9844851405,67918.56179056886,68971.01884310867,4106200
FPT,20211115,69111.34645011397,69111.34645011397,68269.38080808213,68269.38080808213,1994800
FPT,20211112,67497.57896955294,68900.85503960602,67287.08755904497,68760.5274326007,2367800
FPT,20211111,68058.88939757417,68760.5274326007,67216.92375554232,67357.25136254763,2663500
FPT,20211110,67637.90657655825,68058.88939757417,67287.08755904497,68058.88939757417,1927600
FPT,20211109,68409.70841508744,68479.87221859008,67357.25136254763,67637.90657655825,2124900
FPT,20211108,68479.87221859008,69111.34645011397,68269.38080808213,68339.54461158479,1789900
FPT,20211105,67497.57896955294,68620.1998255954,67357.25136254763,68479.87221859008,2207900
FPT,20211104,67427.41516605028,67918.56179056886,67146.75995203966,67357.25136254763,2041000
FPT,20211103,67497.57896955294,67848.3979870662,66795.9409345264,67427.41516605028,2782100
FPT,20211102,67006.43234503437,68058.88939757417,67006.43234503437,67427.41516605028,2159100
FPT,20211101,68339.54461158479,68339.54461158479,67076.59614853702,67216.92375554232,3281500
FPT,20211029,68760.5274326007,68760.5274326007,67988.72559407151,67988.72559407151,2709100
FPT,20211028,68900.85503960602,69041.18264661133,68199.21700457948,68760.5274326007,1684400
FPT,20211027,67918.56179056886,68900.85503960602,67708.0703800609,68900.85503960602,10939400
FPT,20211026,66655.61332752109,67988.72559407151,66164.46670300252,67988.72559407151,2037700
FPT,20211025,67497.57896955294,67497.57896955294,66585.44952401843,66585.44952401843,3596425
FPT,20211022,68058.88939757417,68339.54461158479,67427.41516605028,67497.57896955294,2801900
FPT,20211021,69041.18264661133,69111.34645011397,67848.3979870662,67848.3979870662,2415600
FPT,20211020,69251.67405711928,69812.9844851405,67778.23418356356,68479.87221859008,2248600
FPT,20211019,69462.16546762724,69812.9844851405,69181.51025361662,69181.51025361662,2031900
FPT,20211018,69462.16546762724,70163.80350265378,69181.51025361662,69462.16546762724,2504100
FPT,20211015,69742.82068163785,70233.96730615644,69041.18264661133,69392.00166412459,1702500
FPT,20211014,69742.82068163785,70163.80350265378,69041.18264661133,69321.83786062193,2487400
FPT,20211013,69462.16546762724,71216.26055519358,69111.34645011397,69742.82068163785,3760100
FPT,20211012,69602.49307463256,69602.49307463256,69111.34645011397,69462.16546762724,4936439
FPT,20211011,69462.16546762724,69672.65687813521,68971.01884310867,69602.49307463256,2539300
FPT,20211008,66655.61332752109,69812.9844851405,66234.63050650517,69392.00166412459,8665000
FPT,20211007,66585.44952401843,66655.61332752109,66024.1390959972,66164.46670300252,1597000
FPT,20211006,66304.79431000783,66445.12191701314,65743.4838819866,66234.63050650517,2223400
FPT,20211005,66655.61332752109,67357.25136254763,66234.63050650517,66234.63050650517,1856761
FPT,20211004,65252.33725746802,66795.9409345264,64831.35443645209,66374.95811351048,3233100
FPT,20211001,65182.17345396536,65322.50106097067,64901.51823995475,65182.17345396536,3863388
FPT,20210930,65603.15627498129,65883.8114889919,65252.33725746802,65252.33725746802,1016900
FPT,20210929,65252.33725746802,65532.99247147863,64761.19063294944,65392.66486447332,1657700
FPT,20210928,64340.20781193352,65252.33725746802,64199.88020492821,65252.33725746802,2693000
FPT,20210927,65182.17345396536,65603.15627498129,64620.863025944134,64620.863025944134,2192700
FPT,20210924,65392.66486447332,65392.66486447332,65041.84584696005,65041.84584696005,1489000
FPT,20210923,65392.66486447332,65813.64768548925,65252.33725746802,65322.50106097067,2099700
FPT,20210922,65392.66486447332,65532.99247147863,65041.84584696005,65392.66486447332,2552300
FPT,20210921,65532.99247147863,65953.97529249455,64901.51823995475,65603.15627498129,2697100
FPT,20210920,67357.25136254763,67497.57896955294,66024.1390959972,66234.63050650517,2764400
FPT,20210917,67006.43234503437,68058.88939757417,66936.26854153171,67146.75995203966,4569300
FPT,20210916,66234.63050650517,66655.61332752109,66094.30289949986,66445.12191701314,2428700
FPT,20210915,65813.64768548925,66234.63050650517,65462.82866797598,66024.1390959972,2137100
FPT,20210914,65462.82866797598,66445.12191701314,65252.33725746802,65813.64768548925,2743300
FPT,20210913,65673.32007848394,65953.97529249455,65182.17345396536,65252.33725746802,1800000
FPT,20210910,65532.99247147863,66234.63050650517,65532.99247147863,65603.15627498129,1480100
FPT,20210909,65322.50106097067,65883.8114889919,65112.00965046271,65392.66486447332,1493700
FPT,20210908,65603.15627498129,66094.30289949986,65112.00965046271,65322.50106097067,1623800
FPT,20210907,66866.10473802905,66866.10473802905,65603.15627498129,65603.15627498129,2570600
FPT,20210906,64831.35443645209,66585.44952401843,64761.19063294944,66585.44952401843,3175000
FPT,20210901,64620.863025944134,65252.33725746802,64620.863025944134,64831.35443645209,1593300
FPT,20210831,64761.19063294944,65392.66486447332,64550.69922244148,64831.35443645209,2377500
FPT,20210830,65252.33725746802,65252.33725746802,64620.863025944134,64691.02682944679,1660867
FPT,20210827,63849.06118741494,64550.69922244148,63568.405973404326,64550.69922244148,2345800
FPT,20210826,64550.69922244148,65182.17345396536,63989.38879442025,64129.716401425554,1998700
FPT,20210825,64831.35443645209,64831.35443645209,63849.06118741494,64480.53541893882,1984700
FPT,20210824,64199.88020492821,64550.69922244148,63077.25934888575,64480.53541893882,5209965
FPT,20210823,64901.51823995475,64901.51823995475,63849.06118741494,63849.06118741494,4631200
FPT,20210820,66304.79431000783,66445.12191701314,63919.224990917595,65112.00965046271,5406200
FPT,20210819,66655.61332752109,66655.61332752109,65813.64768548925,66304.79431000783,3142900
FPT,20210818,65813.64768548925,66585.44952401843,65813.64768548925,65953.97529249455,2015000
FPT,20210817,66024.1390959972,66374.95811351048,65603.15627498129,65813.64768548925,3254100
FPT,20210816,66655.61332752109,66795.9409345264,66234.63050650517,66374.95811351048,2018600
FPT,20210813,64634.895784875735,65953.97529068953,64565.470547727644,65953.97529068953,4133200
FPT,20210812,66509.37718787428,66648.22766217047,64843.17149632002,65120.87244491239,8924200
FPT,20210811,67828.45669368807,67897.88193083617,66717.65289931856,66717.65289931856,5798100
FPT,20210810,68245.00811657663,68314.43335372473,67759.03145653997,67897.88193083617,2980700
FPT,20210809,67342.48003365142,67828.45669368807,66578.80242502237,67689.60621939188,3731500
FPT,20210806,67203.62955935522,67481.3305079476,66509.37718787428,67064.77908505904,4405400
FPT,20210805,66092.82576498571,67342.48003365142,65884.55005354143,67064.77908505904,3046100
FPT,20210804,66578.80242502237,66787.07813646666,65884.55005354143,66370.52671357809,3253400
FPT,20210803,66509.37718787428,66648.22766217047,65745.69957924524,66509.37718787428,3742200
FPT,20210802,65259.72291920858,67064.77908505904,65259.72291920858,66370.52671357809,4789500
FPT,20210730,64912.59673346811,65815.12481639333,64426.620073431455,65259.72291920858,7597700
FPT,20210729,63871.2181762467,65190.29768206049,63662.942464802414,64843.17149632002,3863200
FPT,20210728,64426.620073431455,65051.4472077643,63662.942464802414,63871.2181762467,3366700
FPT,20210727,65537.42386780096,65884.55005354143,64218.34436198717,64704.32102202383,6783100
FPT,20210726,62690.989144729094,65190.29768206049,62621.563907581,65051.4472077643,7447600
FPT,20210723,62066.16201039625,64496.045310579546,61580.18535035959,62829.83961902528,7745700
FPT,20210722,59844.55442165723,62205.01248469244,59844.55442165723,62066.16201039625,4475571
FPT,20210721,60261.1058445458,61024.78345317484,59775.12918450914,60122.25537024961,4340686
FPT,20210720,58872.60110158391,60261.1058445458,58247.773967251065,60261.1058445458,3895576
FPT,20210719,59150.30205017629,59983.40489595342,58664.32539013963,58803.17586443582,3628800
FPT,20210716,59636.27871021295,61094.20869032293,59358.577761620574,60261.1058445458,2385700
FPT,20210715,58803.17586443582,60122.25537024961,58803.17586443582,59289.152524472476,2734600
FPT,20210714,60816.50774173055,60816.50774173055,58803.17586443582,59150.30205017629,2607200
FPT,20210713,60330.531081693895,60608.23203028627,59011.4515758801,60399.956318841985,2634900
FPT,20210712,61649.61058750768,62274.43772184053,58039.498255806786,59775.12918450914,7615900
FPT,20210709,62205.01248469244,63871.2181762467,61649.61058750768,62274.43772184053,4288900
FPT,20210708,62760.41438187719,62829.83961902528,61788.46106180387,62343.862958988626,2617322
FPT,20210707,60399.956318841985,63176.96580476576,59011.4515758801,62829.83961902528,6182100
FPT,20210706,64218.34436198717,64565.470547727644,60399.956318841985,60399.956318841985,3824100
FPT,20210705,65953.97529068953,65953.97529068953,63176.96580476576,64357.19483628336,6430028
FPT,20210702,61996.73677324815,64218.34436198717,61719.03582465577,63801.7929390986,3908500
FPT,20210701,61163.633927471026,61719.03582465577,61094.20869032293,61719.03582465577,1700100
FPT,20210630,61788.46106180387,61857.88629895196,61094.20869032293,61094.20869032293,2174432
FPT,20210629,60122.25537024961,61788.46106180387,59913.97965880533,61510.760113211494,5571900
FPT,20210628,59775.12918450914,59775.12918450914,59289.152524472476,59497.42823591676,1858800
FPT,20210625,58803.17586443582,59289.152524472476,58456.049678695344,59150.30205017629,1613400
FPT,20210624,58525.47491584344,58942.02633873201,58247.773967251065,58803.17586443582,2207800
FPT,20210623,59219.727287324386,59428.002998768665,58386.624441547254,58942.02633873201,3010300
FPT,20210622,59775.12918450914,60122.25537024961,59289.152524472476,59289.152524472476,3285300
FPT,20210621,58039.498255806786,59913.97965880533,57761.79730721441,59428.002998768665,3990900
FPT,20210618,57692.37207006631,58456.049678695344,57414.67112147393,58178.348730102975,1728500
FPT,20210617,56998.11969858537,57692.37207006631,56998.11969858537,57345.24588432584,2346400
FPT,20210616,57761.79730721441,58733.75062728772,57414.67112147393,57692.37207006631,2774400
FPT,20210615,58178.348730102975,58664.32539013963,57761.79730721441,57761.79730721441,1778700
FPT,20210614,57970.07301865869,58733.75062728772,57622.94683291822,58178.348730102975,4650976
FPT,20210611,56581.5682756968,58247.773967251065,56442.71780140061,57970.07301865869,2439600
FPT,20210610,56720.41874999299,57275.820647177745,56234.442089956334,56859.26922428918,2578556
FPT,20210609,55956.74114136396,56998.11969858537,54845.93734699445,56720.41874999299,3602100
FPT,20210608,56928.69446143728,57622.94683291822,55956.74114136396,56095.591615660145,4886000
FPT,20210607,58733.75062728772,58803.17586443582,56234.442089956334,57414.67112147393,4269800
FPT,20210604,59011.4515758801,59080.8768130282,58178.348730102975,58803.17586443582,5945600
FPT,20210603,59011.4515758801,59289.152524472476,58525.47491584344,59150.30205017629,4495770
FPT,20210602,60469.38155599008,60747.08250458246,59011.4515758801,59358.577761620574,5240005
FPT,20210601,61024.78345317484,61441.3348760634,60399.956318841985,60469.38155599008,3495000
FPT,20210531,57064.23354198717,58558.06164518055,56586.20854896528,58498.308521052815,4421806
FPT,20210528,56167.936680071136,56765.46792134849,55988.67730768793,56645.96167309302,1874300
FPT,20210527,56944.727293731696,57004.480417859435,55869.17105943246,56048.430431815665,2974924
FPT,20210526,56287.44292832661,57064.23354198717,55988.67730768793,56944.727293731696,2097800
FPT,20210525,55869.17105943246,56884.974169603964,55450.899190538315,56048.430431815665,2232300
FPT,20210524,56048.430431815665,56108.183555943404,55032.62732164417,55869.17105943246,3680121
FPT,20210521,56347.19605245435,57721.517907392255,55570.40543879379,56048.430431815665,6641600
FPT,20210520,54255.83670798361,57064.23354198717,54016.82421147267,57064.23354198717,4055300
FPT,20210519,52283.983611768344,54435.09608036681,51865.7117428742,54255.83670798361,2896300
FPT,20210518,51626.699246363256,52224.23048764061,51507.19299810779,51985.21799112967,2281300
FPT,20210517,51268.18050159685,51746.20549461873,50909.661756830435,51208.42737746911,4489400
FPT,20210514,50371.88363968082,51507.19299810779,50252.37739142535,50670.64926031949,1908700
FPT,20210513,50790.155508574964,51029.16800508591,50192.624267297615,50192.624267297615,2789200
FPT,20210512,50790.155508574964,51029.16800508591,50371.88363968082,51029.16800508591,1864500
FPT,20210511,51387.68674985232,51746.20549461873,50909.661756830435,50909.661756830435,2284000
FPT,20210510,49654.846150148,51387.68674985232,49595.09302602026,51268.18050159685,4581300
FPT,20210507,49415.833653637055,50192.624267297615,49176.82115712611,49595.09302602026,2750900
FPT,20210506,49595.09302602026,49893.85864665893,49117.06803299838,49415.833653637055,1969000
FPT,20210505,50491.38988793629,50491.38988793629,49415.833653637055,49535.33990189253,2347200
FPT,20210504,47802.499302188204,49893.85864665893,47802.499302188204,49535.33990189253,3425700
FPT,20210429,48280.52429521008,48878.05553648744,48280.52429521008,48340.27741933782,2228900
FPT,20210428,47862.252426315936,48579.28991584876,47862.252426315936,48280.52429521008,1727649
FPT,20210427,48041.511798699146,48639.043039976495,47862.252426315936,48220.77117108235,1812100
FPT,20210426,49296.327405381584,49475.58677776479,48101.26492282688,48400.03054346555,3116300
FPT,20210423,47802.499302188204,49595.09302602026,47623.239929805,49595.09302602026,3206400
FPT,20210422,48997.56178474291,50132.871143169876,47802.499302188204,47802.499302188204,2424200
FPT,20210420,48878.05553648744,50730.40238444723,48758.54928823197,49535.33990189253,5067760
FPT,20210419,47802.499302188204,48698.796164104235,47503.73368154953,48698.796164104235,3550700
FPT,20210416,47682.99305393273,48519.536791721024,47085.46181265538,47623.239929805,2595600
FPT,20210415,48400.03054346555,48639.043039976495,47682.99305393273,47802.499302188204,3080200
FPT,20210414,47802.499302188204,48400.03054346555,47503.73368154953,48400.03054346555,2530600
FPT,20210413,48997.56178474291,49117.06803299838,48101.26492282688,48220.77117108235,3303300
FPT,20210412,49236.57428125385,49236.57428125385,48698.796164104235,49057.31490887064,2119500
FPT,20210409,47742.746178060464,49595.09302602026,47742.746178060464,49057.31490887064,4984795
FPT,20210408,47922.005550443675,48161.01804695462,47503.73368154953,47563.48680567726,2129800
FPT,20210407,47324.47430916632,47623.239929805,47264.72118503859,47563.48680567726,2055600
FPT,20210406,47264.72118503859,47802.499302188204,47264.72118503859,47443.98055742179,1632800
FPT,20210405,48041.511798699146,48101.26492282688,47145.214936783115,47563.48680567726,2757500
FPT,20210402,48041.511798699146,48101.26492282688,47682.99305393273,47682.99305393273,1991200
FPT,20210401,46547.68369550576,47623.239929805,46547.68369550576,47623.239929805,3150900
FPT,20210331,46069.65870248388,46667.18994376123,45770.893081845206,46428.177447250295,1420000
FPT,20210330,46547.68369550576,46607.4368196335,46009.90557835614,46069.65870248388,1712500
FPT,20210329,45711.13995771747,46667.18994376123,45472.127461206524,46368.424323122556,2034665
FPT,20210326,45531.880585334264,45890.39933010068,44516.07747516276,45472.127461206524,2672600
FPT,20210325,46308.67119899482,46308.67119899482,45711.13995771747,45770.893081845206,2355400
FPT,20210324,46547.68369550576,47145.214936783115,45711.13995771747,46009.90557835614,2788500
FPT,20210323,46906.20244027217,47802.499302188204,46786.6961920167,47085.46181265538,2333200
FPT,20210322,47503.73368154953,47563.48680567726,46786.6961920167,47025.708688527644,3074800
FPT,20210319,47802.499302188204,48101.26492282688,47443.98055742179,47682.99305393273,2923500
FPT,20210318,48400.03054346555,48400.03054346555,47802.499302188204,48400.03054346555,2177500
FPT,20210317,48698.796164104235,48698.796164104235,47802.499302188204,48280.52429521008,2573500
FPT,20210316,46009.90557835614,48698.796164104235,45770.893081845206,48400.03054346555,5171000
FPT,20210315,45770.893081845206,46308.67119899482,45472.127461206524,45711.13995771747,1801400
FPT,20210312,46009.90557835614,46069.65870248388,45591.633709461996,45711.13995771747,2062800
FPT,20210311,45711.13995771747,46069.65870248388,45472.127461206524,45830.64620597294,2000800
FPT,20210310,45352.62121295106,46308.67119899482,44814.84309580144,45591.633709461996,2657400
FPT,20210309,44814.84309580144,45233.11496469559,44516.07747516276,44814.84309580144,4032400
FPT,20210308,45412.37433707879,45711.13995771747,45053.85559231238,45292.86808882332,5283623
FPT,20210305,45113.60871644012,45412.37433707879,44516.07747516276,45352.62121295106,3007500
FPT,20210304,46428.177447250295,46487.93057137803,44874.596219929175,45352.62121295106,4136500
FPT,20210303,46607.4368196335,46667.18994376123,46248.918074867084,46428.177447250295,5913407
FPT,20210302,47145.214936783115,47145.214936783115,45950.15245422841,46547.68369550576,2386000
FPT,20210301,45890.39933010068,46607.4368196335,45890.39933010068,46547.68369550576,2078100
FPT,20210226,44814.84309580144,45651.386833589735,44755.089971673704,45531.880585334264,3017000
FPT,20210225,45472.127461206524,45591.633709461996,44516.07747516276,45531.880585334264,2027500
FPT,20210224,45412.37433707879,45711.13995771747,44755.089971673704,45053.85559231238,3302730
FPT,20210223,45591.633709461996,46009.90557835614,44575.8305992905,45113.60871644012,3409500
FPT,20210222,45770.893081845206,46308.67119899482,45472.127461206524,45890.39933010068,3769500
FPT,20210219,46189.16495073935,46607.4368196335,45412.37433707879,45770.893081845206,5296600
FPT,20210218,46607.4368196335,46786.6961920167,45770.893081845206,46726.94306788897,4180490
FPT,20210217,45591.633709461996,47204.96806091085,45352.62121295106,46547.68369550576,3209300
FPT,20210209,42663.73062720297,44575.8305992905,41827.186889414676,44575.8305992905,4244300
FPT,20210208,43560.027489119,43560.027489119,41588.17439290373,42603.977503075235,6325600
FPT,20210205,43619.78061324674,43858.79310975767,42902.74312371391,43560.027489119,2755400
FPT,20210204,41946.69313767015,43739.28686150221,41946.69313767015,43321.014992608056,7306800
FPT,20210203,40333.358786221295,42185.70563418109,39496.815048433,41827.186889414676,4173500
FPT,20210202,37704.22132460094,39437.061924305264,37644.46820047321,39437.061924305264,3484100
FPT,20210201,38481.0119382615,39078.54317953886,37226.19633157906,37943.233821111884,2141300
FPT,20210129,35254.3432353638,37465.208828090006,35254.3432353638,37465.208828090006,3311900
FPT,20210128,35851.874476641155,37226.19633157906,35015.330738852856,35015.330738852856,10559800
FPT,20210127,39257.80255192206,39496.815048433,37584.71507634548,37644.46820047321,2279800
FPT,20210126,40333.358786221295,40333.358786221295,39138.29630366659,39437.061924305264,2661500
FPT,20210125,39915.08691732715,40751.63065511544,39556.568172560736,40034.59316558262,3171900
FPT,20210122,39257.80255192206,40333.358786221295,39078.54317953886,39974.84004145488,2090300
FPT,20210121,38540.76506238924,39317.5556760498,37823.72757285641,39198.04942779433,2313100
FPT,20210120,37465.208828090006,38062.740069367355,35971.380724896626,37823.72757285641,3958800
FPT,20210119,39437.061924305264,39496.815048433,36867.67758681265,37046.93695919586,4592100
FPT,20210118,40034.59316558262,40034.59316558262,39556.568172560736,39616.321296688475,1486200
FPT,20210115,40034.59316558262,40034.59316558262,39676.07442081621,39795.58066907168,1726400
FPT,20210114,39735.827544943946,40034.59316558262,39257.80255192206,39676.07442081621,2027500
FPT,20210113,39377.30880017753,40273.60566209356,39377.30880017753,39735.827544943946,4360824
FPT,20210112,38839.530683027915,39437.061924305264,38241.99944175056,39317.5556760498,4131200
FPT,20210111,38182.24631762283,38660.27131064471,37823.72757285641,38660.27131064471,1972800
FPT,20210108,37644.46820047321,38062.740069367355,37405.45570396227,37823.72757285641,2927800
FPT,20210107,37405.45570396227,37584.71507634548,36987.18383506812,37345.702579834535,2547400
FPT,20210106,37704.22132460094,38002.98694523962,37226.19633157906,37285.949455706796,8467400
FPT,20210105,35851.874476641155,37943.233821111884,35732.36822838568,37465.208828090006,2862776
FPT,20210104,35612.86198013021,35971.380724896626,35433.60260774701,35971.380724896626,2515220
FPT,20201231,34716.56511821418,35373.84948361927,34656.81199408645,35314.09635949154,2136370
FPT,20201230,35194.590111236066,35194.590111236066,34716.56511821418,34716.56511821418,1204180
FPT,20201229,34597.05886995871,35134.83698710833,34417.79949757551,35015.330738852856,2192950
FPT,20201228,34597.05886995871,35015.330738852856,34358.04637344777,34597.05886995871,2757681
FPT,20201225,34059.28075280909,34417.79949757551,33820.26825629815,34417.79949757551,1625110
FPT,20201224,34358.04637344777,34537.30574583098,33700.762008042686,34059.28075280909,2386210
FPT,20201223,34836.07136646965,35015.330738852856,34178.787001064564,34358.04637344777,2941420
FPT,20201222,34298.293249320035,34955.57761472512,34119.03387693683,34716.56511821418,2576390
FPT,20201221,34238.5401251923,34537.30574583098,34119.03387693683,34358.04637344777,2361390
FPT,20201218,33760.51513217042,34119.03387693683,33760.51513217042,33999.52762868136,1574150
FPT,20201217,33999.52762868136,34119.03387693683,33461.74951153174,33760.51513217042,3594500
FPT,20201216,34178.787001064564,34358.04637344777,34059.28075280909,34119.03387693683,1995530
FPT,20201215,34358.04637344777,34417.79949757551,33820.26825629815,33880.02138042589,2666900
FPT,20201214,34059.28075280909,34656.81199408645,33999.52762868136,34178.787001064564,1496760
FPT,20201211,33820.26825629815,34059.28075280909,33641.00888391495,34059.28075280909,1871570
FPT,20201210,34059.28075280909,34477.55262170324,33760.51513217042,33760.51513217042,3648880
FPT,20201209,33641.00888391495,34537.30574583098,33581.255759787215,34358.04637344777,3526890
FPT,20201208,33282.49013914853,33820.26825629815,33162.98389089307,33581.255759787215,2424300
FPT,20201207,33401.996387404004,33461.74951153174,33162.98389089307,33282.49013914853,1555370
FPT,20201204,33103.23076676533,33401.996387404004,33103.23076676533,33282.49013914853,1518988
FPT,20201203,33162.98389089307,33282.49013914853,32923.971394382126,33222.7370150208,1627980
FPT,20201202,32864.21827025439,33282.49013914853,32864.21827025439,33222.7370150208,2156200
FPT,20201201,32864.21827025439,33103.23076676533,32744.71202199892,32983.72451850986,3427370
FPT,20201130,33880.02138042589,33880.02138042589,33103.23076676533,33103.23076676533,2895350
FPT,20201127,33401.996387404004,33581.255759787215,33222.7370150208,33581.255759787215,7581906
FPT,20201126,33162.98389089307,33461.74951153174,32744.71202199892,33282.49013914853,1883002
FPT,20201125,33641.00888391495,33641.00888391495,32983.72451850986,32983.72451850986,1901710
FPT,20201124,33401.996387404004,33760.51513217042,32864.21827025439,33222.7370150208,3078940
FPT,20201123,32983.72451850986,33581.255759787215,32625.205773743448,33401.996387404004,2824640
FPT,20201120,32923.971394382126,33401.996387404004,32864.21827025439,32983.72451850986,1837360
FPT,20201119,32445.94640136024,33461.74951153174,32266.687028977038,32923.971394382126,4980430
FPT,20201118,32445.94640136024,32445.94640136024,32087.42765659383,32266.687028977038,1757160
FPT,20201117,32027.674532466095,32326.440153104773,31669.155787699685,32266.687028977038,2515530
FPT,20201116,32266.687028977038,32505.699525487977,31669.155787699685,31848.41516008289,3713690
FPT,20201113,32147.180780721566,32147.180780721566,31967.92140833836,32147.180780721566,1318170
FPT,20201112,31669.155787699685,31967.92140833836,31609.40266357195,31967.92140833836,1234540
FPT,20201111,31908.168284210624,31908.168284210624,31489.896415316478,31669.155787699685,1668230
FPT,20201110,32266.687028977038,32266.687028977038,31669.155787699685,31669.155787699685,1739340
FPT,20201109,31549.649539444214,31908.168284210624,31489.896415316478,31908.168284210624,2011650
FPT,20201106,31310.63704293327,31549.649539444214,31131.377670550068,31310.63704293327,987260
FPT,20201105,31489.896415316478,31908.168284210624,31071.624546422332,31071.624546422332,1305860
FPT,20201104,31669.155787699685,31848.41516008289,31370.390167061007,31669.155787699685,1369690
FPT,20201103,31011.871422294596,31609.40266357195,30892.365174039125,31549.649539444214,2562890
FPT,20201102,30772.858925783654,30892.365174039125,30593.59955340045,30892.365174039125,866110
FPT,20201030,30713.105801655922,30772.858925783654,30175.327684506305,30772.858925783654,1469970
FPT,20201029,30115.57456037857,30653.352677528186,29996.068312123098,30414.340181017244,2719690
FPT,20201028,31071.624546422332,31310.63704293327,30294.833932761772,30294.833932761772,3596230
FPT,20201027,31609.40266357195,31788.662035955156,31131.377670550068,31131.377670550068,4498810
FPT,20201026,32206.933904849302,32565.452649615712,31549.649539444214,31549.649539444214,3852510
FPT,20201023,32386.19327723251,32565.452649615712,31967.92140833836,32206.933904849302,2646310
FPT,20201022,31549.649539444214,32266.687028977038,31430.143291188742,32266.687028977038,2386540
FPT,20201021,31788.662035955156,32565.452649615712,31549.649539444214,31549.649539444214,3305010
FPT,20201020,31728.90891182742,31848.41516008289,31370.390167061007,31788.662035955156,3265227
FPT,20201019,32027.674532466095,32147.180780721566,31669.155787699685,31848.41516008289,4613151
FPT,20201016,30593.59955340045,32206.933904849302,30414.340181017244,31788.662035955156,5769540
FPT,20201015,30593.59955340045,30713.105801655922,30294.833932761772,30593.59955340045,2162910
FPT,20201014,30354.587056889508,30713.105801655922,30115.57456037857,30474.09330514498,2409760
FPT,20201013,30414.340181017244,30474.09330514498,30175.327684506305,30294.833932761772,1263681
FPT,20201012,30414.340181017244,30713.105801655922,30235.080808634037,30414.340181017244,1550680
FPT,20201009,30474.09330514498,30593.59955340045,30354.587056889508,30354.587056889508,1173500
FPT,20201008,30175.327684506305,30772.858925783654,30055.821436250833,30533.846429272715,3105232
FPT,20201007,29996.068312123098,30294.833932761772,29996.068312123098,30115.57456037857,1493710
FPT,20201006,30354.587056889508,30414.340181017244,30055.821436250833,30175.327684506305,1520290
FPT,20201005,30115.57456037857,30354.587056889508,29816.80893973989,30175.327684506305,1498360
FPT,20201002,30354.587056889508,30533.846429272715,29279.030822590274,30055.821436250833,1947940
FPT,20201001,29996.068312123098,30354.587056889508,29996.068312123098,30354.587056889508,905510
FPT,20200930,29996.068312123098,30115.57456037857,29727.17925354829,29876.562063867626,2500310
FPT,20200929,30713.105801655922,30713.105801655922,29996.068312123098,29996.068312123098,1900490
FPT,20200928,30414.340181017244,30653.352677528186,30235.080808634037,30533.846429272715,1312300
FPT,20200925,30294.833932761772,30354.587056889508,29876.562063867626,30354.587056889508,1798420
FPT,20200924,30294.833932761772,30474.09330514498,29996.068312123098,30175.327684506305,1748380
FPT,20200923,30653.352677528186,30772.858925783654,30354.587056889508,30533.846429272715,1797680
FPT,20200922,30354.587056889508,30653.352677528186,30235.080808634037,30653.352677528186,1670570
FPT,20200921,30653.352677528186,30892.365174039125,30593.59955340045,30593.59955340045,1530250
FPT,20200918,29936.315187995362,30713.105801655922,29876.562063867626,30593.59955340045,3336720
FPT,20200917,30055.821436250833,30175.327684506305,29816.80893973989,29876.562063867626,1583010
FPT,20200916,29876.562063867626,30354.587056889508,29876.562063867626,30175.327684506305,1918130
FPT,20200915,29577.796443228952,29876.562063867626,29458.29019497348,29876.562063867626,1906730
FPT,20200914,29428.41363290961,29577.796443228952,29338.78394671801,29458.29019497348,1127400
FPT,20200911,29279.030822590274,29398.537070845745,29189.401136398672,29368.660508781875,872160
FPT,20200910,29577.796443228952,29757.055815612155,29338.78394671801,29398.537070845745,1005950
FPT,20200909,29069.8948881432,29577.796443228952,29040.018326079335,29398.537070845745,1490820
FPT,20200908,29129.648012270936,29577.796443228952,28980.2652019516,29577.796443228952,1762870
FPT,20200907,29846.68550180376,29876.562063867626,28980.2652019516,28980.2652019516,4620970
FPT,20200904,29577.796443228952,29876.562063867626,29577.796443228952,29876.562063867626,1538510
FPT,20200903,30115.57456037857,30175.327684506305,29816.80893973989,30115.57456037857,2307448
FPT,20200901,29577.796443228952,30175.327684506305,29488.166757037347,29816.80893973989,1851650
FPT,20200831,29816.80893973989,30055.821436250833,29488.166757037347,29577.796443228952,1940640
FPT,20200828,29996.068312123098,30533.846429272715,29816.80893973989,29816.80893973989,4434040
FPT,20200827,28830.882391632258,29936.315187995362,28830.882391632258,29786.932377676025,3724990
FPT,20200826,29159.524574334802,29189.401136398672,28801.005829568392,28920.512077823863,1463480
FPT,20200825,29040.018326079335,29249.154260526408,29010.141764015465,29189.401136398672,3904670
FPT,20200824,28651.623019249055,29040.018326079335,28591.86989512132,28950.38863988773,3540210
FPT,20200821,28233.35115035491,28382.733960674246,28203.47458829104,28322.98083654651,1260210
FPT,20200820,28024.215215907832,28352.857398610377,27994.338653843966,28113.844902099438,2424430
FPT,20200819,28024.215215907832,28113.844902099438,27874.832405588495,27994.338653843966,877190
FPT,20200818,28083.968340035568,28173.598026227173,27964.4620917801,27994.338653843966,625200
FPT,20200817,28024.215215907832,28083.968340035568,27785.202719396893,28083.968340035568,1048820
FPT,20200814,28139.971267193512,28198.474325961066,27759.70138520441,27964.46209089085,1633770
FPT,20200813,27905.959032123294,28052.21667904218,27788.952914588186,28052.21667904218,1709100
FPT,20200812,27554.94067951797,27788.952914588186,27437.934561982864,27788.952914588186,1233230
FPT,20200811,27759.70138520441,27759.70138520441,27496.437620750417,27496.437620750417,1209690
FPT,20200810,27701.198326436857,27964.46209089085,27554.94067951797,27613.443738285525,1160370
FPT,20200807,27379.43150321531,27964.46209089085,27379.43150321531,27554.94067951797,1283690
FPT,20200806,27496.437620750417,27642.695267669304,27320.928444447756,27379.43150321531,1153660
FPT,20200805,27203.922326912645,27584.192208901746,27057.664679993763,27496.437620750417,2002790
FPT,20200804,27203.922326912645,27379.43150321531,27028.413150609984,27233.173856296424,1051310
FPT,20200803,26033.861151561563,26852.903974307323,26033.861151561563,26852.903974307323,1653200
FPT,20200731,25741.345857723794,26443.382562934443,25741.345857723794,26033.861151561563,1106250
FPT,20200730,26092.36421032912,26414.131033550668,26092.36421032912,26414.131033550668,694020
FPT,20200729,25975.35809279401,26267.87338663178,25624.339740188687,26063.11268094534,1815200
FPT,20200728,25975.35809279401,26794.40091553977,25829.100445875127,26735.897856772215,2003510
FPT,20200727,26326.376445399335,26852.903974307323,25507.33362265358,25565.836681421133,3274350
FPT,20200724,27730.449855820632,27818.204443971965,26560.38868046955,26852.903974307323,3170540
FPT,20200723,27730.449855820632,27935.210561507072,27554.94067951797,27935.210561507072,938630
FPT,20200722,28081.46820842596,28081.46820842596,27671.94679705308,27730.449855820632,817890
FPT,20200721,27788.952914588186,28052.21667904218,27642.695267669304,27964.46209089085,940230
FPT,20200720,28139.971267193512,28198.474325961066,27701.198326436857,27730.449855820632,2049680
FPT,20200717,28373.983502263727,28373.983502263727,28139.971267193512,28139.971267193512,1313100
FPT,20200716,28403.235031647506,28520.241149182613,28315.480443496173,28432.48656103128,1060530
FPT,20200715,28490.989619798835,28637.24726671772,28315.480443496173,28432.48656103128,1516540
FPT,20200714,28256.97738472862,28578.744207950167,28256.97738472862,28403.235031647506,2379540
FPT,20200713,28081.46820842596,28637.24726671772,27935.210561507072,28461.73809041506,4034338
FPT,20200710,28139.971267193512,28227.72585534484,27788.952914588186,27964.46209089085,5472060
FPT,20200709,28022.965149658405,28315.480443496173,27964.46209089085,28286.2289141124,3098900
FPT,20200708,27671.94679705308,28022.965149658405,27671.94679705308,27905.959032123294,1512596
FPT,20200707,27496.437620750417,28022.965149658405,27496.437620750417,27759.70138520441,2779850
FPT,20200706,27203.922326912645,27467.18609136664,27086.916209377538,27379.43150321531,2182958
FPT,20200703,27203.922326912645,27203.922326912645,26969.91009184243,27057.664679993763,676725
FPT,20200702,27086.916209377538,27086.916209377538,26882.155503691098,26999.16162122621,539160
FPT,20200701,26911.407033074876,27086.916209377538,26794.40091553977,27028.413150609984,8981992
FPT,20200630,26999.16162122621,27145.41926814509,26560.38868046955,26706.646327388436,1594210
FPT,20200629,27262.4253856802,27262.4253856802,26823.652444923544,26940.65856245865,1281220
FPT,20200626,27379.43150321531,27584.192208901746,27320.928444447756,27408.683032599085,602880
FPT,20200625,27291.676915063978,27554.94067951797,27262.4253856802,27379.43150321531,730810
FPT,20200624,28022.965149658405,28052.21667904218,27525.689150134192,27613.443738285525,607000
FPT,20200623,27467.18609136664,28315.480443496173,27350.17997383153,27818.204443971965,2054240
FPT,20200622,27496.437620750417,27496.437620750417,27408.683032599085,27496.437620750417,934145
FPT,20200619,27262.4253856802,27496.437620750417,27262.4253856802,27496.437620750417,1150884
FPT,20200618,27086.916209377538,27320.928444447756,26999.16162122621,27262.4253856802,822980
FPT,20200617,27320.928444447756,27350.17997383153,27057.664679993763,27116.167738761316,1188630
FPT,20200616,27262.4253856802,27379.43150321531,27086.916209377538,27262.4253856802,1162330
FPT,20200615,28081.46820842596,28081.46820842596,26852.903974307323,26911.407033074876,1227500
FPT,20200612,26326.376445399335,27496.437620750417,26326.376445399335,27496.437620750417,3175450
FPT,20200611,28549.492678566392,28549.492678566392,26911.407033074876,26911.407033074876,4628060
FPT,20200610,28666.4987961015,28666.4987961015,28315.480443496173,28549.492678566392,1335060
FPT,20200609,29017.517148706822,29046.7686780906,28607.995737333946,28637.24726671772,1533430
FPT,20200608,28666.4987961015,29251.52938377704,28666.4987961015,28871.25950178794,4215140
FPT,20200605,28315.480443496173,28490.989619798835,28169.222796577287,28490.989619798835,1690308
FPT,20200604,28607.995737333946,28607.995737333946,28315.480443496173,28315.480443496173,1326950
FPT,20200603,28081.46820842596,28637.24726671772,28022.965149658405,28461.73809041506,1954950
FPT,20200602,28256.97738472862,28373.983502263727,28081.46820842596,28081.46820842596,1525620
FPT,20200601,28081.46820842596,28286.2289141124,28081.46820842596,28256.97738472862,1620490
FPT,20200529,28081.46820842596,28139.971267193512,27788.952914588186,28052.21667904218,1368060
FPT,20200528,28198.474325961066,28432.48656103128,28081.46820842596,28081.46820842596,1216270
FPT,20200527,28607.995737333946,28900.511031171714,28081.46820842596,28081.46820842596,2120470
FPT,20200526,28373.983502263727,28549.492678566392,28286.2289141124,28549.492678566392,1637570
FPT,20200525,28373.983502263727,28432.48656103128,27964.46209089085,28344.731972879952,2113000
FPT,20200522,28666.4987961015,28666.4987961015,28344.731972879952,28344.731972879952,1731720
FPT,20200521,28607.995737333946,28842.00797240416,28578.744207950167,28842.00797240416,2007060
FPT,20200520,28666.4987961015,28666.4987961015,28403.235031647506,28607.995737333946,1245380
FPT,20200519,28783.504913636607,29076.020207474376,28432.48656103128,28812.756443020382,2999030
FPT,20200518,27788.952914588186,28286.2289141124,27730.449855820632,28286.2289141124,2020950
FPT,20200515,28256.97738472862,28607.995737333946,27935.210561507072,28081.46820842596,2430890
FPT,20200514,28637.24726671772,28725.001854869053,28373.983502263727,28490.989619798835,3737765
FPT,20200513,27788.952914588186,28988.265619323047,27730.449855820632,28871.25950178794,6913810
FPT,20200512,26966.0198618198,27165.768157092538,26766.27156654706,27165.768157092538,2848190
FPT,20200511,26966.0198618198,27165.768157092538,26616.460345092506,26966.0198618198,2179430
FPT,20200508,26766.27156654706,27515.327673819833,26766.27156654706,26816.208640365247,3625320
FPT,20200507,26466.64912363795,26716.334492728874,26167.026680728843,26716.334492728874,2090720
FPT,20200506,25467.907647274256,26516.586197456138,25467.907647274256,26416.712049819766,4272000
FPT,20200505,25368.033499637884,25467.907647274256,25168.285204365147,25417.97057345607,677990
FPT,20200504,25068.411056728775,25417.97057345607,24868.66276145604,25218.22227818333,1041126
FPT,20200429,25368.033499637884,25667.655942546993,25218.22227818333,25368.033499637884,1349230
FPT,20200428,25318.096425819702,25368.033499637884,25068.411056728775,25318.096425819702,1199310
FPT,20200427,25717.59301636518,25717.59301636518,25218.22227818333,25318.096425819702,1469750
FPT,20200424,25417.97057345607,25567.781794910625,25018.473982910593,25467.907647274256,1431380
FPT,20200423,26017.215459274288,26067.152533092474,25467.907647274256,25467.907647274256,1390410
FPT,20200422,24369.29202327419,25567.781794910625,24319.354949456003,25517.84472109244,4252870
FPT,20200421,25218.22227818333,25417.97057345607,24419.229097092375,24618.977392365112,3859050
FPT,20200420,25917.34131163792,25967.278385456102,25318.096425819702,25617.71886872881,2239780
FPT,20200417,25567.781794910625,25617.71886872881,25068.411056728775,25567.781794910625,2678200
FPT,20200416,24818.725687637852,25368.033499637884,24618.977392365112,25118.34813054696,1528480
FPT,20200415,25218.22227818333,25368.033499637884,24893.63129836513,25018.473982910593,2205200
FPT,20200414,23770.04713745597,24718.851540001484,23470.424694546862,24718.851540001484,4130510
FPT,20200413,23170.802251637753,23470.424694546862,23020.9910301832,23220.73932545594,4362935
FPT,20200410,23270.67639927412,23470.424694546862,22921.11688254683,23170.802251637753,3424933
FPT,20200409,23470.424694546862,23770.04713745597,23220.73932545594,23395.519083819585,2162370
FPT,20200408,23020.9910301832,23495.393231455953,22846.211271819553,23395.519083819585,1658340
FPT,20200407,23720.110063637785,23819.984211274157,23220.73932545594,23620.235916001417,2483810
FPT,20200406,22971.053956365013,23720.110063637785,22721.36858727409,23720.110063637785,2907720
FPT,20200403,21472.94174181947,22296.903459819518,21323.130520364917,22271.934922910426,2669182
FPT,20200401,20374.326117819404,21572.81588945584,20374.326117819404,21123.382225092177,1509636
FPT,20200331,20723.8856345467,21173.319298910363,20024.76660109211,20524.13733927396,2437050
FPT,20200330,20224.51489636485,20524.13733927396,20024.76660109211,20174.577822546664,4764320
FPT,20200327,22172.060775274058,22172.060775274058,21423.004668001286,21522.878815637654,2653750
FPT,20200326,22721.36858727409,22896.148345637735,22072.18662763769,22072.18662763769,2536210
FPT,20200325,22971.053956365013,23170.802251637753,22546.588828910444,22971.053956365013,2231790
FPT,20200324,22471.683218183167,22471.683218183167,21722.627110910395,22221.99784909224,3550180
